Authors of the study,Year,Article ID,Median diameter  [mm],Geometric standard deviation,"Specific density
",Upstream width b1 [m],Contracted width b2 [m],Ratio b2/b1,Upstream average flow velocity u1 [m/s],Critical shear velocity for sediment entrainment uc* [m/s],Critical velocity for sediment uc [m/s],u1/uc,u1/uc Dey and Raikar (2005),Upstream flow depth y1 [m],Flow depth at contracted reach y2 [m],Equilibrium scour depth ds [m],Type of scour,Length of the contraction [m],Shape of contraction,Length downstream of the contraction [m],Source,Comments
Straub,1934,[1],0.69,1.41,2.65,0.30,0.21,0.70,0.333,0.023,0.290,1.147,None,0.0200,0.0260,Unknown,live-bed,0.61,"Trapezoidal, symmetrical",1.83,Values from Lim (1993) and Lim and Cheng (1998) because unreadable on the copy I have,
Straub,1934,[1],0.69,1.41,2.65,0.30,0.21,0.70,0.316,0.023,0.274,1.153,None,0.0150,0.0200,Unknown,live-bed,0.61,"Trapezoidal, symmetrical",1.83,Values from Lim (1993) and Lim and Cheng (1998) because unreadable on the copy I have,
Straub,1934,[1],4.00,1.44,2.65,0.30,0.21,0.70,0.719,0.055,0.599,1.200,None,0.0560,0.0830,Unknown,live-bed,0.61,"Trapezoidal, symmetrical",1.83,Values from Lim (1993) and Lim and Cheng (1998) because unreadable on the copy I have,
Ashida,1963,[2],0.90,1.29,2.65,1.00,0.20,0.20,0.379,0.026,0.331,1.143,None,0.0260,0.0860,Unknown,live-bed,1.75,"Trapezoidal, symmetrical",1.25,Values from Lim (1993) Lim and Cheng (1998) but checked in the original article,Also expansion scour in this article
Ashida,1963,[2],0.90,1.29,2.65,1.00,0.20,0.20,0.416,0.026,0.353,1.179,None,0.0360,0.1080,Unknown,live-bed,1.75,"Trapezoidal, symmetrical",1.25,Values from Lim (1993) Lim and Cheng (1998) but checked in the original article,Also expansion scour in this article
Ashida,1963,[2],0.90,1.29,2.65,1.00,0.20,0.20,0.419,0.026,0.372,1.128,None,0.0480,0.1520,Unknown,live-bed,1.75,"Trapezoidal, symmetrical",1.25,Values from Lim (1993) Lim and Cheng (1998) but checked in the original article,Also expansion scour in this article
Ashida,1963,[2],0.90,1.29,2.65,1.00,0.20,0.20,0.394,0.026,0.390,1.009,None,0.0640,0.2020,Unknown,live-bed,1.75,"Trapezoidal, symmetrical",1.25,Values from Lim (1993) Lim and Cheng (1998) but checked in the original article,Also expansion scour in this article
Ashida,1963,[2],0.90,1.29,2.65,1.00,0.50,0.50,0.437,0.026,0.323,1.351,None,0.0230,0.0440,Unknown,live-bed,1.42,"Trapezoidal, symmetrical",1.00,Values from Lim (1993) Lim and Cheng (1998) but checked in the original article,Also expansion scour in this article
Ashida,1963,[2],0.90,1.29,2.65,1.00,0.50,0.50,0.407,0.026,0.355,1.148,None,0.0370,0.0610,Unknown,live-bed,1.42,"Trapezoidal, symmetrical",1.00,Values from Lim (1993) Lim and Cheng (1998) but checked in the original article,Also expansion scour in this article
Ashida,1963,[2],0.90,1.29,2.65,1.00,0.50,0.50,0.453,0.026,0.366,1.238,None,0.0440,0.0680,Unknown,live-bed,1.42,"Trapezoidal, symmetrical",1.00,Values from Lim (1993) Lim and Cheng (1998) but checked in the original article,Also expansion scour in this article
Ashida,1963,[2],0.90,1.29,2.65,1.00,0.50,0.50,0.448,0.026,0.382,1.174,None,0.0560,0.0900,Unknown,live-bed,1.42,"Trapezoidal, symmetrical",1.00,Values from Lim (1993) Lim and Cheng (1998) but checked in the original article,Also expansion scour in this article
Komura,1966,[3],0.70,2.65,2.63,0.40,0.20,0.50,0.245,0.023,0.368,0.666,None,0.0780,0.1000,Unknown,clear-water,1.00,"Trapezoidal, symmetrical",4.00,Original article,Values in Dey and Raikar (2005) are strange
Komura,1966,[3],0.70,2.65,2.63,0.40,0.20,0.50,0.277,0.023,0.374,0.741,None,0.0870,0.1130,Unknown,clear-water,1.00,"Trapezoidal, symmetrical",4.00,Original article,Values in Dey and Raikar (2005) are strange
Komura,1966,[3],0.55,1.35,2.60,0.40,0.20,0.50,0.279,0.020,0.320,0.871,None,0.0580,0.1000,Unknown,clear-water,1.00,"Trapezoidal, symmetrical",4.00,Original article,Values in Dey and Raikar (2005) are strange
Komura,1966,[3],0.55,1.35,2.60,0.40,0.20,0.50,0.209,0.020,0.319,0.655,None,0.0570,0.0910,Unknown,clear-water,1.00,"Trapezoidal, symmetrical",4.00,Original article,Values in Dey and Raikar (2005) are strange
Komura,1966,[3],0.35,1.30,2.59,0.40,0.20,0.50,0.247,0.016,0.280,0.882,None,0.0690,0.1120,Unknown,clear-water,1.00,"Trapezoidal, symmetrical",4.00,Original article,Values in Dey and Raikar (2005) are strange
Komura,1966,[3],0.35,1.30,2.59,0.40,0.20,0.50,0.245,0.016,0.288,0.852,None,0.0840,0.1370,Unknown,clear-water,1.00,"Trapezoidal, symmetrical",4.00,Original article,Values in Dey and Raikar (2005) are strange
Komura,1966,[3],0.70,2.65,2.63,0.40,0.10,0.25,0.158,0.023,0.357,0.444,None,0.0640,0.1170,Unknown,clear-water,1.00,"Trapezoidal, symmetrical",4.00,Original article,Values in Dey and Raikar (2005) are strange
Komura,1966,[3],0.70,2.65,2.63,0.40,0.10,0.25,0.178,0.023,0.349,0.510,None,0.0560,0.1090,Unknown,clear-water,1.00,"Trapezoidal, symmetrical",4.00,Original article,Values in Dey and Raikar (2005) are strange
Komura,1966,[3],0.55,1.35,2.60,0.40,0.10,0.25,0.193,0.020,0.295,0.656,None,0.0350,0.1020,Unknown,clear-water,1.00,"Trapezoidal, symmetrical",4.00,Original article,Values in Dey and Raikar (2005) are strange
Komura,1966,[3],0.55,1.35,2.60,0.40,0.10,0.25,0.224,0.020,0.290,0.772,None,0.0320,0.0960,Unknown,clear-water,1.00,"Trapezoidal, symmetrical",4.00,Original article,Values in Dey and Raikar (2005) are strange
Komura,1966,[3],0.35,1.30,2.59,0.40,0.10,0.25,0.173,0.016,0.263,0.658,None,0.0450,0.1210,Unknown,clear-water,1.00,"Trapezoidal, symmetrical",4.00,Original article,Values in Dey and Raikar (2005) are strange
Komura,1966,[3],0.35,1.30,2.59,0.40,0.10,0.25,0.173,0.016,0.263,0.658,None,0.0450,0.1210,Unknown,clear-water,1.00,"Trapezoidal, symmetrical",4.00,Original article,Values in Dey and Raikar (2005) are strange
Komura,1966,[3],0.70,2.65,2.63,0.40,0.20,0.50,0.515,0.023,0.366,1.408,None,0.0750,0.1340,Unknown,live-bed,1.00,"Trapezoidal, symmetrical",4.00,Original article,Values in Lim and Cheng (1998) also valid
Komura,1966,[3],0.70,2.65,2.63,0.40,0.20,0.50,0.457,0.023,0.373,1.225,None,0.0850,0.1370,Unknown,live-bed,1.00,"Trapezoidal, symmetrical",4.00,Original article,Values in Lim and Cheng (1998) also valid
Komura,1966,[3],0.55,1.35,2.60,0.40,0.20,0.50,0.283,0.020,0.333,0.849,None,0.0750,0.1310,Unknown,live-bed,1.00,"Trapezoidal, symmetrical",4.00,Original article,Values in Lim and Cheng (1998) also valid
Komura,1966,[3],0.55,1.35,2.60,0.40,0.20,0.50,0.330,0.020,0.332,0.994,None,0.0730,0.1300,Unknown,live-bed,1.00,"Trapezoidal, symmetrical",4.00,Original article,Values in Lim and Cheng (1998) also valid
Komura,1966,[3],0.35,1.30,2.59,0.40,0.20,0.50,0.244,0.016,0.287,0.849,None,0.0830,0.1500,Unknown,live-bed,1.00,"Trapezoidal, symmetrical",4.00,Original article,Values in Lim and Cheng (1998) also valid
Komura,1966,[3],0.35,1.30,2.59,0.40,0.20,0.50,0.209,0.016,0.281,0.743,None,0.0710,0.1150,Unknown,live-bed,1.00,"Trapezoidal, symmetrical",4.00,Original article,Values in Lim and Cheng (1998) also valid
Komura,1966,[3],0.70,2.65,2.63,0.40,0.10,0.25,0.156,0.023,0.344,0.453,None,0.0510,0.1140,Unknown,live-bed,1.00,"Trapezoidal, symmetrical",4.00,Original article,Values in Lim and Cheng (1998) also valid
Komura,1966,[3],0.55,1.35,2.60,0.40,0.10,0.25,0.306,0.020,0.310,0.987,None,0.0470,0.1420,Unknown,live-bed,1.00,"Trapezoidal, symmetrical",4.00,Original article,Values in Lim and Cheng (1998) also valid
Komura,1966,[3],0.55,1.35,2.60,0.40,0.10,0.25,0.231,0.020,0.310,0.745,None,0.0470,0.1270,Unknown,live-bed,1.00,"Trapezoidal, symmetrical",4.00,Original article,Values in Lim and Cheng (1998) also valid
Komura,1966,[3],0.35,1.30,2.59,0.40,0.10,0.25,0.208,0.016,0.245,0.849,None,0.0290,0.0840,Unknown,live-bed,1.00,"Trapezoidal, symmetrical",4.00,Original article,Values in Lim and Cheng (1998) also valid
Komura,1966,[3],0.35,1.30,2.59,0.40,0.10,0.25,0.204,0.016,0.244,0.839,None,0.0280,0.0810,Unknown,live-bed,1.00,"Trapezoidal, symmetrical",4.00,Original article,Values in Lim and Cheng (1998) also valid
Gill,1981,[4],0.92,1.20,2.65,0.76,0.50,0.66,0.245,0.026,0.395,0.621,None,0.0655,0.0823,Unknown,clear-water,0.46,"Sinusoidal, symmetrical",2.44,Original article and from Lim (1993),Values in Dey and Raikar (2005) are strange
Gill,1981,[4],0.92,1.20,2.65,0.76,0.50,0.66,0.316,0.026,0.398,0.794,None,0.0686,0.1006,Unknown,clear-water,0.46,"Sinusoidal, symmetrical",2.44,Original article and from Lim (1993),Values in Dey and Raikar (2005) are strange
Gill,1981,[4],0.92,1.20,2.65,0.76,0.50,0.66,0.241,0.026,0.360,0.670,None,0.0387,0.0488,Unknown,clear-water,0.46,"Sinusoidal, symmetrical",2.44,Original article and from Lim (1993),Values in Dey and Raikar (2005) are strange
Gill,1981,[4],0.92,1.20,2.65,0.76,0.50,0.66,0.282,0.026,0.368,0.768,None,0.0436,0.0671,Unknown,clear-water,0.46,"Sinusoidal, symmetrical",2.44,Original article and from Lim (1993),Values in Dey and Raikar (2005) are strange
Gill,1981,[4],0.92,1.20,2.65,0.76,0.50,0.66,0.301,0.026,0.381,0.790,None,0.0533,0.0823,Unknown,clear-water,0.46,"Sinusoidal, symmetrical",2.44,Original article and from Lim (1993),Values in Dey and Raikar (2005) are strange
Gill,1981,[4],0.92,1.20,2.65,0.76,0.50,0.66,0.323,0.026,0.382,0.845,None,0.0543,0.0884,Unknown,clear-water,0.46,"Sinusoidal, symmetrical",2.44,Original article and from Lim (1993),Values in Dey and Raikar (2005) are strange
Gill,1981,[4],0.92,1.20,2.65,0.76,0.50,0.66,0.205,0.026,0.393,0.522,None,0.0637,0.0945,Unknown,clear-water,0.46,"Sinusoidal, symmetrical",2.44,Original article and from Lim (1993),Values in Dey and Raikar (2005) are strange
Gill,1981,[4],0.92,1.20,2.65,0.76,0.50,0.66,0.245,0.026,0.337,0.728,None,0.0274,0.0396,Unknown,clear-water,0.46,"Sinusoidal, symmetrical",2.44,Original article and from Lim (1993),Values in Dey and Raikar (2005) are strange
Gill,1981,[4],1.53,1.13,2.65,0.76,0.50,0.66,0.295,0.034,0.468,0.630,None,0.0671,0.0914,Unknown,clear-water,0.46,"Circular, symmetrical",1.83,Original article and from Lim (1993),Values in Dey and Raikar (2005) are strange
Gill,1981,[4],1.53,1.13,2.65,0.76,0.50,0.66,0.299,0.034,0.474,0.630,None,0.0725,0.1006,Unknown,clear-water,0.46,"Circular, symmetrical",1.83,Original article and from Lim (1993),Values in Dey and Raikar (2005) are strange
Gill,1981,[4],1.53,1.13,2.65,0.76,0.50,0.66,0.325,0.034,0.483,0.672,None,0.0805,0.1158,Unknown,clear-water,0.46,"Circular, symmetrical",1.83,Original article and from Lim (1993),Values in Dey and Raikar (2005) are strange
Gill,1981,[4],1.53,1.13,2.65,0.76,0.50,0.66,0.365,0.034,0.484,0.755,None,0.0808,0.1311,Unknown,clear-water,0.46,"Circular, symmetrical",1.83,Original article and from Lim (1993),Values in Dey and Raikar (2005) are strange
Gill,1981,[4],1.53,1.13,2.65,0.76,0.50,0.66,0.329,0.034,0.415,0.792,None,0.0363,0.0488,Unknown,clear-water,0.46,"Circular, symmetrical",1.83,Original article and from Lim (1993),Values in Dey and Raikar (2005) are strange
Gill,1981,[4],1.53,1.13,2.65,0.76,0.50,0.66,0.369,0.034,0.439,0.841,None,0.0476,0.0914,Unknown,clear-water,0.46,"Circular, symmetrical",1.83,Original article and from Lim (1993),Values in Dey and Raikar (2005) are strange
Gill,1981,[4],1.53,1.13,2.65,0.76,0.50,0.66,0.353,0.034,0.463,0.762,None,0.0634,0.0853,Unknown,clear-water,0.46,"Sinusoidal, symmetrical",2.44,Original article and from Lim (1993),Values in Dey and Raikar (2005) are strange
Gill,1981,[4],1.53,1.13,2.65,0.76,0.50,0.66,0.338,0.034,0.469,0.719,None,0.0683,0.0975,Unknown,clear-water,0.46,"Sinusoidal, symmetrical",2.44,Original article and from Lim (1993),Values in Dey and Raikar (2005) are strange
Gill,1981,[4],1.53,1.13,2.65,0.76,0.50,0.66,0.367,0.034,0.476,0.771,None,0.0741,0.1067,Unknown,clear-water,0.46,"Sinusoidal, symmetrical",2.44,Original article and from Lim (1993),Values in Dey and Raikar (2005) are strange
Gill,1981,[4],1.53,1.13,2.65,0.76,0.50,0.66,0.353,0.034,0.486,0.726,None,0.0835,0.1189,Unknown,clear-water,0.46,"Sinusoidal, symmetrical",2.44,Original article and from Lim (1993),Values in Dey and Raikar (2005) are strange
Gill,1981,[4],1.53,1.13,2.65,0.76,0.50,0.66,0.393,0.034,0.425,0.925,None,0.0408,0.0884,Unknown,clear-water,0.46,"Sinusoidal, symmetrical",2.44,Original article and from Lim (1993),Values in Dey and Raikar (2005) are strange
Gill,1981,[4],1.53,1.13,2.65,0.76,0.50,0.66,0.389,0.034,0.468,0.833,None,0.0671,0.1250,Unknown,live-bed,0.46,"Circular, symmetrical",1.83,Original article and from Lim (1993),Values in Lim and Cheng (1998) also valid
Gill,1981,[4],1.53,1.13,2.65,0.76,0.50,0.66,0.395,0.034,0.482,0.820,None,0.0793,0.1189,Unknown,live-bed,0.46,"Circular, symmetrical",1.83,Original article and from Lim (1993),Values in Lim and Cheng (1998) also valid
Gill,1981,[4],1.53,1.13,2.65,0.76,0.50,0.66,0.380,0.034,0.411,0.924,None,0.0344,0.0762,Unknown,live-bed,0.46,"Circular, symmetrical",1.83,Original article and from Lim (1993),Values in Lim and Cheng (1998) also valid
Gill,1981,[4],1.53,1.13,2.65,0.76,0.50,0.66,0.463,0.034,0.429,1.080,None,0.0427,0.0853,Unknown,live-bed,0.46,"Circular, symmetrical",1.83,Original article and from Lim (1993),Values in Lim and Cheng (1998) also valid
Gill,1981,[4],1.53,1.13,2.65,0.76,0.50,0.66,0.416,0.034,0.442,0.941,None,0.0494,0.0945,Unknown,live-bed,0.46,"Sinusoidal, symmetrical",2.44,Original article and from Lim (1993),Values in Lim and Cheng (1998) also valid
Gill,1981,[4],1.53,1.13,2.65,0.76,0.50,0.66,0.459,0.034,0.457,1.003,None,0.0594,0.1036,Unknown,live-bed,0.46,"Sinusoidal, symmetrical",2.44,Original article and from Lim (1993),Values in Lim and Cheng (1998) also valid
Gill,1981,[4],1.53,1.13,2.65,0.76,0.50,0.66,0.484,0.034,0.464,1.044,None,0.0640,0.1067,Unknown,live-bed,0.46,"Sinusoidal, symmetrical",2.44,Original article and from Lim (1993),Values in Lim and Cheng (1998) also valid
Gill,1981,[4],1.53,1.13,2.65,0.76,0.50,0.66,0.482,0.034,0.470,1.026,None,0.0689,0.1006,Unknown,live-bed,0.46,"Sinusoidal, symmetrical",2.44,Original article and from Lim (1993),Values in Lim and Cheng (1998) also valid
Gill,1981,[4],1.53,1.13,2.65,0.76,0.50,0.66,0.453,0.034,0.426,1.063,None,0.0412,0.0793,Unknown,live-bed,0.46,"Sinusoidal, symmetrical",2.44,Original article and from Lim (1993),Values in Lim and Cheng (1998) also valid
Gill,1981,[4],1.53,1.13,2.65,0.76,0.50,0.66,0.233,0.034,0.470,0.496,None,0.0689,0.1189,Unknown,live-bed,0.46,"Sinusoidal, symmetrical",2.44,Original article and from Lim (1993),Problem with velocity in Lim and Cheng (1998)
Gill,1981,[4],0.92,1.20,2.65,0.76,0.50,0.66,0.375,0.026,0.404,0.928,None,0.0756,0.1219,Unknown,live-bed,0.46,"Sinusoidal, symmetrical",2.44,Original article and from Lim (1993),Values in Lim and Cheng (1998) also valid
Gill,1981,[4],0.92,1.20,2.65,0.76,0.50,0.66,0.382,0.026,0.379,1.007,None,0.0518,0.0793,Unknown,live-bed,0.46,"Sinusoidal, symmetrical",2.44,Original article and from Lim (1993),Values in Lim and Cheng (1998) also valid
Gill,1981,[4],0.92,1.20,2.65,0.76,0.50,0.66,0.385,0.026,0.388,0.993,None,0.0591,0.0884,Unknown,live-bed,0.46,"Sinusoidal, symmetrical",2.44,Original article and from Lim (1993),Values in Lim and Cheng (1998) also valid
Gill,1981,[4],0.92,1.20,2.65,0.76,0.50,0.66,0.439,0.026,0.395,1.112,None,0.0655,0.1250,Unknown,live-bed,0.46,"Sinusoidal, symmetrical",2.44,Original article and from Lim (1993),Values in Lim and Cheng (1998) also valid
Gill,1981,[4],0.92,1.20,2.65,0.76,0.50,0.66,0.403,0.026,0.373,1.081,None,0.0472,0.0793,Unknown,live-bed,0.46,"Sinusoidal, symmetrical",2.44,Original article and from Lim (1993),Values in Lim and Cheng (1998) also valid
Gill,1981,[4],0.92,1.20,2.65,0.76,0.50,0.66,0.452,0.026,0.395,1.143,None,0.0661,0.0975,Unknown,live-bed,0.46,"Sinusoidal, symmetrical",2.44,Original article and from Lim (1993),Values in Lim and Cheng (1998) also valid
Gill,1981,[4],0.92,1.20,2.65,0.76,0.50,0.66,0.512,0.026,0.394,1.299,None,0.0649,0.0945,Unknown,live-bed,0.46,"Sinusoidal, symmetrical",2.44,Original article and from Lim (1993),Values in Lim and Cheng (1998) also valid
Gill,1981,[4],0.92,1.20,2.65,0.76,0.50,0.66,0.525,0.026,0.363,1.447,None,0.0405,0.0610,Unknown,live-bed,0.46,"Sinusoidal, symmetrical",2.44,Original article and from Lim (1993),Values in Lim and Cheng (1998) also valid
Gill,1981,[4],0.92,1.20,2.65,0.76,0.50,0.66,0.517,0.026,0.360,1.434,None,0.0390,0.0579,Unknown,live-bed,0.46,"Sinusoidal, symmetrical",2.44,Original article and from Lim (1993),Values in Lim and Cheng (1998) also valid
Keller,1983,[5],1.70,1.39,2.65,1.56,0.52,0.33,0.275,0.036,0.542,0.508,None,0.1290,0.175,Unknown,clear-water,1.50,"Henderson recommandation, symmetrical",3.90,Original article,
Keller,1983,[5],1.70,1.39,2.65,1.56,0.52,0.33,0.488,0.036,0.482,1.011,None,0.0660,0.177,Unknown,clear-water,1.50,"Henderson recommandation, symmetrical",3.90,Original article,
Keller,1983,[5],1.70,1.39,2.65,1.56,0.52,0.33,0.402,0.036,0.490,0.821,None,0.0720,0.157,Unknown,clear-water,1.50,"Henderson recommandation, symmetrical",3.90,Original article,
Keller,1983,[5],1.70,1.39,2.65,1.56,0.52,0.33,0.286,0.036,0.509,0.562,None,0.0890,0.133,Unknown,clear-water,1.50,"Henderson recommandation, symmetrical",3.90,Original article,
Keller,1983,[5],1.70,1.39,2.65,1.56,0.52,0.33,0.249,0.036,0.512,0.486,None,0.0920,0.138,Unknown,clear-water,1.50,"Henderson recommandation, symmetrical",3.90,Original article,
Keller,1983,[5],1.70,1.39,2.65,1.56,0.52,0.33,0.526,0.036,0.475,1.108,None,0.0610,0.181,Unknown,clear-water,1.50,"Henderson recommandation, symmetrical",3.90,Original article,
Webby,1984,[6],2.15,1.18,2.65,1.59,0.52,0.33,0.238,0.040,0.588,0.405,0.431,0.1310,0.1665,0.056,clear-water,1.50,"Trapezoidal, symmetrical",4.38,Original article and from Lim (1993),Values in Dey and Raikar (2005) also valid
Webby,1984,[6],2.15,1.18,2.65,1.59,0.52,0.33,0.358,0.040,0.548,0.653,0.695,0.0885,0.1785,0.104,clear-water,1.50,"Trapezoidal, symmetrical",4.38,Original article and from Lim (1993),Values in Dey and Raikar (2005) also valid
Webby,1984,[6],2.15,1.18,2.65,1.59,0.52,0.33,0.367,0.040,0.563,0.652,0.694,0.1025,0.2050,0.117,clear-water,1.50,"Trapezoidal, symmetrical",4.38,Original article and from Lim (1993),Values in Dey and Raikar (2005) also valid
Webby,1984,[6],2.15,1.18,2.65,1.59,0.52,0.33,0.292,0.040,0.569,0.513,0.546,0.1085,0.1665,0.075,clear-water,1.50,"Trapezoidal, symmetrical",4.38,Original article and from Lim (1993),Values in Dey and Raikar (2005) also valid
Webby,1984,[6],2.15,1.18,2.65,1.59,0.52,0.33,0.373,0.040,0.563,0.662,0.705,0.1025,0.1905,0.103,clear-water,1.50,"Trapezoidal, symmetrical",4.38,Original article and from Lim (1993),Values in Dey and Raikar (2005) also valid
Webby,1984,[6],2.15,1.18,2.65,1.59,0.52,0.33,0.299,0.040,0.564,0.531,0.566,0.1040,0.1640,0.079,clear-water,1.50,"Squared, symmetrical",4.38,Original article and from Lim (1993),Values in Dey and Raikar (2005) also valid
Webby,1984,[6],2.15,1.18,2.65,1.59,0.52,0.33,0.269,0.040,0.554,0.485,0.517,0.0940,0.1445,0.069,clear-water,1.50,"Squared, symmetrical",4.38,Original article and from Lim (1993),Values in Dey and Raikar (2005) also valid
Webby,1984,[6],2.15,1.18,2.65,1.59,0.52,0.33,0.350,0.040,0.568,0.616,0.656,0.1080,0.1995,0.110,clear-water,1.50,"Squared, symmetrical",4.38,Original article and from Lim (1993),Values in Dey and Raikar (2005) also valid
Webby,1984,[6],2.15,1.18,2.65,1.59,0.52,0.33,0.271,0.040,0.576,0.470,0.500,0.1165,0.1780,0.081,clear-water,1.50,"Squared, symmetrical",4.38,Original article and from Lim (1993),Values in Dey and Raikar (2005) also valid
Webby,1984,[6],2.15,1.18,2.65,1.59,0.52,0.33,0.293,0.040,0.567,0.517,0.550,0.1065,0.1580,0.071,clear-water,1.50,"Squared, symmetrical",4.38,Original article and from Lim (1993),Values in Dey and Raikar (2005) also valid
Webby,1984,[6],2.15,1.18,2.65,1.59,0.52,0.33,0.213,0.040,0.579,0.369,0.392,0.1200,0.1450,0.046,clear-water,1.50,"Squared, symmetrical",4.38,Original article and from Lim (1993),Values in Dey and Raikar (2005) also valid
Rana,1986,[7],0.50,1.75,2.65,Unknown,Unknown,0.69,0.381,0.020,0.327,1.164,Unknown,0.0750,0.1070,Unknown,live-bed,Unknown,Unknown,Unknown,Values from Lim (1993) and Lim and Cheng (1998),
Rana,1986,[7],0.50,1.75,2.65,Unknown,Unknown,0.69,0.365,0.020,0.330,1.107,Unknown,0.0790,0.1100,Unknown,live-bed,Unknown,Unknown,Unknown,Values from Lim (1993) and Lim and Cheng (1998),
Rana,1986,[7],0.50,1.75,2.65,Unknown,Unknown,0.45,0.281,0.020,0.332,0.847,Unknown,0.0820,0.1430,Unknown,live-bed,Unknown,Unknown,Unknown,Values from Lim (1993) and Lim and Cheng (1998),
Rana,1986,[7],0.50,1.75,2.65,Unknown,Unknown,0.29,0.267,0.020,0.319,0.837,Unknown,0.0630,0.1500,Unknown,live-bed,Unknown,Unknown,Unknown,Values from Lim (1993) and Lim and Cheng (1998),
Rana,1986,[7],0.50,1.75,2.65,Unknown,Unknown,0.29,0.373,0.020,0.329,1.135,Unknown,0.0770,0.2250,Unknown,live-bed,Unknown,Unknown,Unknown,Values from Lim (1993) and Lim and Cheng (1998),
Lim,1993,[1],0.47,1.34,2.65,0.40,0.26,0.65,0.208,0.019,0.266,0.782,Unknown,0.0240,0.0341,Unknown,clear-water,1.00,"Trapezoidal, symmetrical",4.00,Original article,Dey and Raikar (2005) only selected some values
Lim,1993,[1],0.47,1.34,2.65,0.40,0.26,0.65,0.223,0.019,0.274,0.815,Unknown,0.0280,0.0420,Unknown,clear-water,1.00,"Trapezoidal, symmetrical",4.00,Original article,Dey and Raikar (2005) only selected some values
Lim,1993,[1],0.47,1.34,2.65,0.40,0.26,0.65,0.242,0.019,0.279,0.868,Unknown,0.0310,0.0471,Unknown,clear-water,1.00,"Trapezoidal, symmetrical",4.00,Original article,Dey and Raikar (2005) only selected some values
Lim,1993,[1],0.47,1.34,2.65,0.40,0.26,0.65,0.281,0.019,0.291,0.968,Unknown,0.0400,0.0680,Unknown,clear-water,1.00,"Trapezoidal, symmetrical",4.00,Original article,Dey and Raikar (2005) only selected some values
Lim,1993,[1],0.47,1.34,2.65,0.40,0.26,0.65,0.306,0.019,0.296,1.032,Unknown,0.0450,0.0810,Unknown,clear-water,1.00,"Trapezoidal, symmetrical",4.00,Original article,Dey and Raikar (2005) only selected some values
Lim,1993,[1],0.47,1.34,2.65,0.40,0.20,0.50,0.208,0.019,0.266,0.782,Unknown,0.0240,0.0430,Unknown,clear-water,1.00,"Trapezoidal, symmetrical",4.00,Original article,Dey and Raikar (2005) only selected some values
Lim,1993,[1],0.47,1.34,2.65,0.40,0.20,0.50,0.223,0.019,0.274,0.815,Unknown,0.0280,0.0510,Unknown,clear-water,1.00,"Trapezoidal, symmetrical",4.00,Original article,Dey and Raikar (2005) only selected some values
Lim,1993,[8],0.47,1.34,2.65,0.40,0.20,0.50,0.242,0.019,0.279,0.868,Unknown,0.0310,0.0601,Unknown,clear-water,1.00,"Trapezoidal, symmetrical",4.00,Original article,Dey and Raikar (2005) only selected some values
Lim,1993,[8],0.47,1.34,2.65,0.40,0.20,0.50,0.281,0.019,0.291,0.968,Unknown,0.0400,0.0860,Unknown,clear-water,1.00,"Trapezoidal, symmetrical",4.00,Original article,Dey and Raikar (2005) only selected some values
Lim,1993,[8],0.47,1.34,2.65,0.40,0.20,0.50,0.306,0.019,0.296,1.032,Unknown,0.0450,0.1022,Unknown,clear-water,1.00,"Trapezoidal, symmetrical",4.00,Original article,Dey and Raikar (2005) only selected some values
Lim,1993,[8],0.47,1.34,2.65,0.40,0.12,0.30,0.208,0.019,0.266,0.782,Unknown,0.0240,0.0650,Unknown,clear-water,1.00,"Trapezoidal, symmetrical",4.00,Original article,Dey and Raikar (2005) only selected some values
Lim,1993,[8],0.47,1.34,2.65,0.40,0.12,0.30,0.223,0.019,0.274,0.815,Unknown,0.0280,0.0790,Unknown,clear-water,1.00,"Trapezoidal, symmetrical",4.00,Original article,Dey and Raikar (2005) only selected some values
Lim,1993,[8],0.47,1.34,2.65,0.40,0.12,0.30,0.242,0.019,0.279,0.868,Unknown,0.0310,0.0939,Unknown,clear-water,1.00,"Trapezoidal, symmetrical",4.00,Original article,Dey and Raikar (2005) only selected some values
Dey and Raikar,2005,[9],0.81,1.34,2.65,0.60,0.42,0.70,0.311,0.025,0.396,0.786,0.965,0.0870,Unknown,0.026,clear-water,1.00,"Trapezoidal, symmetrical",3.00,Original article,Grain-size considered as uniform
Dey and Raikar,2005,[9],0.81,1.34,2.65,0.60,0.42,0.70,0.327,0.025,0.417,0.784,0.963,0.1230,Unknown,0.039,clear-water,1.00,"Trapezoidal, symmetrical",3.00,Original article,Grain-size considered as uniform
Dey and Raikar,2005,[9],0.81,1.34,2.65,0.60,0.36,0.60,0.313,0.025,0.395,0.793,0.975,0.0854,Unknown,0.029,clear-water,1.00,"Trapezoidal, symmetrical",3.00,Original article,Grain-size considered as uniform
Dey and Raikar,2005,[9],0.81,1.34,2.65,0.60,0.36,0.60,0.332,0.025,0.420,0.791,0.972,0.1280,Unknown,0.056,clear-water,1.00,"Trapezoidal, symmetrical",3.00,Original article,Grain-size considered as uniform
Dey and Raikar,2005,[9],0.81,1.34,2.65,0.60,0.30,0.50,0.311,0.025,0.401,0.776,0.954,0.0940,Unknown,0.072,clear-water,1.00,"Trapezoidal, symmetrical",3.00,Original article,Grain-size considered as uniform
Dey and Raikar,2005,[9],0.81,1.34,2.65,0.60,0.30,0.50,0.323,0.025,0.418,0.772,0.949,0.1250,Unknown,0.095,clear-water,1.00,"Trapezoidal, symmetrical",3.00,Original article,Grain-size considered as uniform
Dey and Raikar,2005,[9],0.81,1.34,2.65,0.60,0.24,0.40,0.314,0.025,0.400,0.784,0.964,0.0937,Unknown,0.090,clear-water,1.00,"Trapezoidal, symmetrical",3.00,Original article,Grain-size considered as uniform
Dey and Raikar,2005,[9],0.81,1.34,2.65,0.60,0.24,0.40,0.332,0.025,0.421,0.789,0.970,0.1300,Unknown,0.149,clear-water,1.00,"Trapezoidal, symmetrical",3.00,Original article,Grain-size considered as uniform
Dey and Raikar,2005,[9],1.86,1.27,2.65,0.60,0.42,0.70,0.467,0.038,0.528,0.884,0.959,0.0930,Unknown,0.027,clear-water,1.00,"Trapezoidal, symmetrical",3.00,Original article,Grain-size considered as uniform
Dey and Raikar,2005,[9],1.86,1.27,2.65,0.60,0.42,0.70,0.491,0.038,0.558,0.880,0.954,0.1280,Unknown,0.045,clear-water,1.00,"Trapezoidal, symmetrical",3.00,Original article,Grain-size considered as uniform
Dey and Raikar,2005,[9],1.86,1.27,2.65,0.60,0.36,0.60,0.468,0.038,0.530,0.883,0.957,0.0950,Unknown,0.063,clear-water,1.00,"Trapezoidal, symmetrical",3.00,Original article,Grain-size considered as uniform
Dey and Raikar,2005,[9],1.86,1.27,2.65,0.60,0.36,0.60,0.492,0.038,0.560,0.879,0.953,0.1300,Unknown,0.078,clear-water,1.00,"Trapezoidal, symmetrical",3.00,Original article,Grain-size considered as uniform
Dey and Raikar,2005,[9],1.86,1.27,2.65,0.60,0.30,0.50,0.475,0.038,0.532,0.893,0.968,0.0970,Unknown,0.096,clear-water,1.00,"Trapezoidal, symmetrical",3.00,Original article,Grain-size considered as uniform
Dey and Raikar,2005,[9],1.86,1.27,2.65,0.60,0.30,0.50,0.491,0.038,0.558,0.880,0.954,0.1280,Unknown,0.108,clear-water,1.00,"Trapezoidal, symmetrical",3.00,Original article,Grain-size considered as uniform
Dey and Raikar,2005,[9],1.86,1.27,2.65,0.60,0.24,0.40,0.473,0.038,0.531,0.891,0.966,0.0960,Unknown,0.143,clear-water,1.00,"Trapezoidal, symmetrical",3.00,Original article,Grain-size considered as uniform
Dey and Raikar,2005,[9],1.86,1.27,2.65,0.60,0.24,0.40,0.491,0.038,0.557,0.881,0.955,0.1270,Unknown,0.154,clear-water,1.00,"Trapezoidal, symmetrical",3.00,Original article,Grain-size considered as uniform
Dey and Raikar,2005,[9],2.54,1.07,2.65,0.60,0.42,0.70,0.531,0.044,0.585,0.907,0.943,0.0950,Unknown,0.025,clear-water,1.00,"Trapezoidal, symmetrical",3.00,Original article,Grain-size considered as uniform
Dey and Raikar,2005,[9],2.54,1.07,2.65,0.60,0.42,0.70,0.561,0.044,0.617,0.909,0.944,0.1273,Unknown,0.038,clear-water,1.00,"Trapezoidal, symmetrical",3.00,Original article,Grain-size considered as uniform
Dey and Raikar,2005,[9],2.54,1.07,2.65,0.60,0.36,0.60,0.544,0.044,0.591,0.921,0.957,0.1000,Unknown,0.054,clear-water,1.00,"Trapezoidal, symmetrical",3.00,Original article,Grain-size considered as uniform
Dey and Raikar,2005,[9],2.54,1.07,2.65,0.60,0.36,0.60,0.567,0.044,0.616,0.920,0.956,0.1260,Unknown,0.064,clear-water,1.00,"Trapezoidal, symmetrical",3.00,Original article,Grain-size considered as uniform
Dey and Raikar,2005,[9],2.54,1.07,2.65,0.60,0.30,0.50,0.535,0.044,0.584,0.916,0.952,0.0940,Unknown,0.088,clear-water,1.00,"Trapezoidal, symmetrical",3.00,Original article,Grain-size considered as uniform
Dey and Raikar,2005,[9],2.54,1.07,2.65,0.60,0.30,0.50,0.562,0.044,0.617,0.911,0.946,0.1270,Unknown,0.092,clear-water,1.00,"Trapezoidal, symmetrical",3.00,Original article,Grain-size considered as uniform
Dey and Raikar,2005,[9],2.54,1.07,2.65,0.60,0.24,0.40,0.534,0.044,0.586,0.912,0.947,0.0955,Unknown,0.110,clear-water,1.00,"Trapezoidal, symmetrical",3.00,Original article,Grain-size considered as uniform
Dey and Raikar,2005,[9],2.54,1.07,2.65,0.60,0.24,0.40,0.568,0.044,0.618,0.918,0.954,0.1286,Unknown,0.139,clear-water,1.00,"Trapezoidal, symmetrical",3.00,Original article,Grain-size considered as uniform
Dey and Raikar,2005,[9],4.10,1.13,2.65,0.60,0.42,0.70,0.602,0.056,0.642,0.938,0.960,0.0738,Unknown,0.030,clear-water,1.00,"Trapezoidal, symmetrical",3.00,Original article,Grain-size considered as uniform
Dey and Raikar,2005,[9],4.10,1.13,2.65,0.60,0.42,0.70,0.633,0.056,0.675,0.938,0.960,0.0935,Unknown,0.036,clear-water,1.00,"Trapezoidal, symmetrical",3.00,Original article,Grain-size considered as uniform
Dey and Raikar,2005,[9],4.10,1.13,2.65,0.60,0.42,0.70,0.622,0.056,0.685,0.908,0.928,0.1010,Unknown,0.040,clear-water,1.00,"Trapezoidal, symmetrical",3.00,Original article,Grain-size considered as uniform
Dey and Raikar,2005,[9],4.10,1.13,2.65,0.60,0.42,0.70,0.657,0.056,0.728,0.902,0.923,0.1373,Unknown,0.041,clear-water,1.00,"Trapezoidal, symmetrical",3.00,Original article,Grain-size considered as uniform
Dey and Raikar,2005,[9],4.10,1.13,2.65,0.60,0.36,0.60,0.596,0.056,0.647,0.921,0.942,0.0768,Unknown,0.043,clear-water,1.00,"Trapezoidal, symmetrical",3.00,Original article,Grain-size considered as uniform
Dey and Raikar,2005,[9],4.10,1.13,2.65,0.60,0.36,0.60,0.614,0.056,0.661,0.929,0.950,0.0849,Unknown,0.056,clear-water,1.00,"Trapezoidal, symmetrical",3.00,Original article,Grain-size considered as uniform
Dey and Raikar,2005,[9],4.10,1.13,2.65,0.60,0.36,0.60,0.631,0.056,0.699,0.903,0.923,0.1115,Unknown,0.059,clear-water,1.00,"Trapezoidal, symmetrical",3.00,Original article,Grain-size considered as uniform
Dey and Raikar,2005,[9],4.10,1.13,2.65,0.60,0.36,0.60,0.658,0.056,0.727,0.905,0.925,0.1366,Unknown,0.065,clear-water,1.00,"Trapezoidal, symmetrical",3.00,Original article,Grain-size considered as uniform
Dey and Raikar,2005,[9],4.10,1.13,2.65,0.60,0.30,0.50,0.576,0.056,0.633,0.911,0.931,0.0692,Unknown,0.069,clear-water,1.00,"Trapezoidal, symmetrical",3.00,Original article,Grain-size considered as uniform
Dey and Raikar,2005,[9],4.10,1.13,2.65,0.60,0.30,0.50,0.618,0.056,0.668,0.925,0.946,0.0892,Unknown,0.079,clear-water,1.00,"Trapezoidal, symmetrical",3.00,Original article,Grain-size considered as uniform
Dey and Raikar,2005,[9],4.10,1.13,2.65,0.60,0.30,0.50,0.612,0.056,0.685,0.893,0.913,0.1010,Unknown,0.083,clear-water,1.00,"Trapezoidal, symmetrical",3.00,Original article,Grain-size considered as uniform
Dey and Raikar,2005,[9],4.10,1.13,2.65,0.60,0.30,0.50,0.641,0.056,0.723,0.887,0.907,0.1322,Unknown,0.097,clear-water,1.00,"Trapezoidal, symmetrical",3.00,Original article,Grain-size considered as uniform
Dey and Raikar,2005,[9],4.10,1.13,2.65,0.60,0.24,0.40,0.592,0.056,0.648,0.914,0.934,0.0772,Unknown,0.079,clear-water,1.00,"Trapezoidal, symmetrical",3.00,Original article,Grain-size considered as uniform
Dey and Raikar,2005,[9],4.10,1.13,2.65,0.60,0.24,0.40,0.610,0.056,0.670,0.911,0.932,0.0903,Unknown,0.092,clear-water,1.00,"Trapezoidal, symmetrical",3.00,Original article,Grain-size considered as uniform
Dey and Raikar,2005,[9],4.10,1.13,2.65,0.60,0.24,0.40,0.626,0.056,0.692,0.904,0.925,0.1063,Unknown,0.129,clear-water,1.00,"Trapezoidal, symmetrical",3.00,Original article,Grain-size considered as uniform
Dey and Raikar,2005,[9],4.10,1.13,2.65,0.60,0.24,0.40,0.659,0.056,0.714,0.923,0.944,0.1242,Unknown,0.131,clear-water,1.00,"Trapezoidal, symmetrical",3.00,Original article,Grain-size considered as uniform
Dey and Raikar,2005,[9],5.53,1.10,2.65,0.60,0.42,0.70,0.630,0.065,0.694,0.908,0.927,0.0726,Unknown,0.022,clear-water,1.00,"Trapezoidal, symmetrical",3.00,Original article,Grain-size considered as uniform
Dey and Raikar,2005,[9],5.53,1.10,2.65,0.60,0.42,0.70,0.689,0.065,0.721,0.955,0.976,0.0859,Unknown,0.037,clear-water,1.00,"Trapezoidal, symmetrical",3.00,Original article,Grain-size considered as uniform
Dey and Raikar,2005,[9],5.53,1.10,2.65,0.60,0.42,0.70,0.690,0.065,0.753,0.916,0.936,0.1048,Unknown,0.041,clear-water,1.00,"Trapezoidal, symmetrical",3.00,Original article,Grain-size considered as uniform
Dey and Raikar,2005,[9],5.53,1.10,2.65,0.60,0.42,0.70,0.716,0.065,0.778,0.920,0.940,0.1220,Unknown,0.044,clear-water,1.00,"Trapezoidal, symmetrical",3.00,Original article,Grain-size considered as uniform
Dey and Raikar,2005,[9],5.53,1.10,2.65,0.60,0.36,0.60,0.647,0.065,0.690,0.938,0.958,0.0707,Unknown,0.051,clear-water,1.00,"Trapezoidal, symmetrical",3.00,Original article,Grain-size considered as uniform
Dey and Raikar,2005,[9],5.53,1.10,2.65,0.60,0.36,0.60,0.668,0.065,0.726,0.920,0.940,0.0886,Unknown,0.063,clear-water,1.00,"Trapezoidal, symmetrical",3.00,Original article,Grain-size considered as uniform
Dey and Raikar,2005,[9],5.53,1.10,2.65,0.60,0.36,0.60,0.696,0.065,0.758,0.918,0.938,0.1077,Unknown,0.070,clear-water,1.00,"Trapezoidal, symmetrical",3.00,Original article,Grain-size considered as uniform
Dey and Raikar,2005,[9],5.53,1.10,2.65,0.60,0.36,0.60,0.713,0.065,0.784,0.909,0.929,0.1269,Unknown,0.069,clear-water,1.00,"Trapezoidal, symmetrical",3.00,Original article,Grain-size considered as uniform
Dey and Raikar,2005,[9],5.53,1.10,2.65,0.60,0.30,0.50,0.644,0.065,0.690,0.933,0.953,0.0710,Unknown,0.068,clear-water,1.00,"Trapezoidal, symmetrical",3.00,Original article,Grain-size considered as uniform
Dey and Raikar,2005,[9],5.53,1.10,2.65,0.60,0.30,0.50,0.664,0.065,0.727,0.913,0.933,0.0891,Unknown,0.080,clear-water,1.00,"Trapezoidal, symmetrical",3.00,Original article,Grain-size considered as uniform
Dey and Raikar,2005,[9],5.53,1.10,2.65,0.60,0.30,0.50,0.673,0.065,0.758,0.888,0.907,0.1079,Unknown,0.089,clear-water,1.00,"Trapezoidal, symmetrical",3.00,Original article,Grain-size considered as uniform
Dey and Raikar,2005,[9],5.53,1.10,2.65,0.60,0.30,0.50,0.709,0.065,0.785,0.903,0.922,0.1277,Unknown,0.099,clear-water,1.00,"Trapezoidal, symmetrical",3.00,Original article,Grain-size considered as uniform
Dey and Raikar,2005,[9],5.53,1.10,2.65,0.60,0.24,0.40,0.639,0.065,0.692,0.924,0.944,0.0716,Unknown,0.074,clear-water,1.00,"Trapezoidal, symmetrical",3.00,Original article,Grain-size considered as uniform
Dey and Raikar,2005,[9],5.53,1.10,2.65,0.60,0.24,0.40,0.660,0.065,0.717,0.921,0.941,0.0835,Unknown,0.098,clear-water,1.00,"Trapezoidal, symmetrical",3.00,Original article,Grain-size considered as uniform
Dey and Raikar,2005,[9],5.53,1.10,2.65,0.60,0.24,0.40,0.671,0.065,0.757,0.887,0.906,0.1070,Unknown,0.103,clear-water,1.00,"Trapezoidal, symmetrical",3.00,Original article,Grain-size considered as uniform
Dey and Raikar,2005,[9],5.53,1.10,2.65,0.60,0.24,0.40,0.704,0.065,0.786,0.896,0.915,0.1281,Unknown,0.133,clear-water,1.00,"Trapezoidal, symmetrical",3.00,Original article,Grain-size considered as uniform
Dey and Raikar,2005,[9],7.15,1.08,2.65,0.60,0.42,0.70,0.701,0.074,0.756,0.927,0.956,0.0786,Unknown,0.034,clear-water,1.00,"Trapezoidal, symmetrical",3.00,Original article,Grain-size considered as uniform
Dey and Raikar,2005,[9],7.15,1.08,2.65,0.60,0.42,0.70,0.711,0.074,0.767,0.927,0.956,0.0833,Unknown,0.039,clear-water,1.00,"Trapezoidal, symmetrical",3.00,Original article,Grain-size considered as uniform
Dey and Raikar,2005,[9],7.15,1.08,2.65,0.60,0.42,0.70,0.715,0.074,0.807,0.886,0.914,0.1036,Unknown,0.041,clear-water,1.00,"Trapezoidal, symmetrical",3.00,Original article,Grain-size considered as uniform
Dey and Raikar,2005,[9],7.15,1.08,2.65,0.60,0.42,0.70,0.747,0.074,0.840,0.889,0.917,0.1240,Unknown,0.044,clear-water,1.00,"Trapezoidal, symmetrical",3.00,Original article,Grain-size considered as uniform
Dey and Raikar,2005,[9],7.15,1.08,2.65,0.60,0.36,0.60,0.676,0.074,0.729,0.927,0.957,0.0677,Unknown,0.052,clear-water,1.00,"Trapezoidal, symmetrical",3.00,Original article,Grain-size considered as uniform
Dey and Raikar,2005,[9],7.15,1.08,2.65,0.60,0.36,0.60,0.691,0.074,0.772,0.895,0.923,0.0857,Unknown,0.062,clear-water,1.00,"Trapezoidal, symmetrical",3.00,Original article,Grain-size considered as uniform
Dey and Raikar,2005,[9],7.15,1.08,2.65,0.60,0.36,0.60,0.715,0.074,0.807,0.886,0.913,0.1037,Unknown,0.062,clear-water,1.00,"Trapezoidal, symmetrical",3.00,Original article,Grain-size considered as uniform
Dey and Raikar,2005,[9],7.15,1.08,2.65,0.60,0.36,0.60,0.760,0.074,0.837,0.908,0.936,0.1219,Unknown,0.068,clear-water,1.00,"Trapezoidal, symmetrical",3.00,Original article,Grain-size considered as uniform
Dey and Raikar,2005,[9],7.15,1.08,2.65,0.60,0.30,0.50,0.663,0.074,0.728,0.910,0.939,0.0675,Unknown,0.071,clear-water,1.00,"Trapezoidal, symmetrical",3.00,Original article,Grain-size considered as uniform
Dey and Raikar,2005,[9],7.15,1.08,2.65,0.60,0.30,0.50,0.688,0.074,0.763,0.901,0.930,0.0817,Unknown,0.081,clear-water,1.00,"Trapezoidal, symmetrical",3.00,Original article,Grain-size considered as uniform
Dey and Raikar,2005,[9],7.15,1.08,2.65,0.60,0.30,0.50,0.717,0.074,0.807,0.889,0.917,0.1033,Unknown,0.093,clear-water,1.00,"Trapezoidal, symmetrical",3.00,Original article,Grain-size considered as uniform
Dey and Raikar,2005,[9],7.15,1.08,2.65,0.60,0.30,0.50,0.754,0.074,0.839,0.899,0.927,0.1229,Unknown,0.101,clear-water,1.00,"Trapezoidal, symmetrical",3.00,Original article,Grain-size considered as uniform
Dey and Raikar,2005,[9],7.15,1.08,2.65,0.60,0.24,0.40,0.672,0.074,0.730,0.921,0.950,0.0681,Unknown,0.079,clear-water,1.00,"Trapezoidal, symmetrical",3.00,Original article,Grain-size considered as uniform
Dey and Raikar,2005,[9],7.15,1.08,2.65,0.60,0.24,0.40,0.711,0.074,0.771,0.922,0.951,0.0853,Unknown,0.089,clear-water,1.00,"Trapezoidal, symmetrical",3.00,Original article,Grain-size considered as uniform
Dey and Raikar,2005,[9],7.15,1.08,2.65,0.60,0.24,0.40,0.712,0.074,0.804,0.885,0.913,0.1020,Unknown,0.103,clear-water,1.00,"Trapezoidal, symmetrical",3.00,Original article,Grain-size considered as uniform
Dey and Raikar,2005,[9],7.15,1.08,2.65,0.60,0.24,0.40,0.753,0.074,0.839,0.898,0.926,0.1230,Unknown,0.135,clear-water,1.00,"Trapezoidal, symmetrical",3.00,Original article,Grain-size considered as uniform
Dey and Raikar,2005,[9],10.25,1.16,2.65,0.60,0.42,0.70,0.755,0.088,0.841,0.898,0.918,0.0840,Unknown,0.029,clear-water,1.00,"Trapezoidal, symmetrical",3.00,Original article,Grain-size considered as uniform
Dey and Raikar,2005,[9],10.25,1.16,2.65,0.60,0.42,0.70,0.777,0.088,0.881,0.881,0.901,0.1010,Unknown,0.031,clear-water,1.00,"Trapezoidal, symmetrical",3.00,Original article,Grain-size considered as uniform
Dey and Raikar,2005,[9],10.25,1.16,2.65,0.60,0.42,0.70,0.813,0.088,0.923,0.881,0.900,0.1220,Unknown,0.049,clear-water,1.00,"Trapezoidal, symmetrical",3.00,Original article,Grain-size considered as uniform
Dey and Raikar,2005,[9],10.25,1.16,2.65,0.60,0.36,0.60,0.746,0.088,0.828,0.901,0.921,0.0793,Unknown,0.046,clear-water,1.00,"Trapezoidal, symmetrical",3.00,Original article,Grain-size considered as uniform
Dey and Raikar,2005,[9],10.25,1.16,2.65,0.60,0.36,0.60,0.770,0.088,0.854,0.902,0.922,0.0890,Unknown,0.055,clear-water,1.00,"Trapezoidal, symmetrical",3.00,Original article,Grain-size considered as uniform
Dey and Raikar,2005,[9],10.25,1.16,2.65,0.60,0.36,0.60,0.778,0.088,0.881,0.883,0.902,0.1010,Unknown,0.060,clear-water,1.00,"Trapezoidal, symmetrical",3.00,Original article,Grain-size considered as uniform
Dey and Raikar,2005,[9],10.25,1.16,2.65,0.60,0.36,0.60,0.816,0.088,0.922,0.885,0.904,0.1215,Unknown,0.069,clear-water,1.00,"Trapezoidal, symmetrical",3.00,Original article,Grain-size considered as uniform
Dey and Raikar,2005,[9],10.25,1.16,2.65,0.60,0.30,0.50,0.769,0.088,0.822,0.936,0.957,0.0770,Unknown,0.071,clear-water,1.00,"Trapezoidal, symmetrical",3.00,Original article,Grain-size considered as uniform
Dey and Raikar,2005,[9],10.25,1.16,2.65,0.60,0.30,0.50,0.764,0.088,0.855,0.893,0.913,0.0897,Unknown,0.073,clear-water,1.00,"Trapezoidal, symmetrical",3.00,Original article,Grain-size considered as uniform
Dey and Raikar,2005,[9],10.25,1.16,2.65,0.60,0.30,0.50,0.783,0.088,0.883,0.887,0.906,0.1018,Unknown,0.076,clear-water,1.00,"Trapezoidal, symmetrical",3.00,Original article,Grain-size considered as uniform
Dey and Raikar,2005,[9],10.25,1.16,2.65,0.60,0.30,0.50,0.820,0.088,0.921,0.890,0.910,0.1210,Unknown,0.104,clear-water,1.00,"Trapezoidal, symmetrical",3.00,Original article,Grain-size considered as uniform
Dey and Raikar,2005,[9],10.25,1.16,2.65,0.60,0.24,0.40,0.749,0.088,0.827,0.905,0.925,0.0790,Unknown,0.084,clear-water,1.00,"Trapezoidal, symmetrical",3.00,Original article,Grain-size considered as uniform
Dey and Raikar,2005,[9],10.25,1.16,2.65,0.60,0.24,0.40,0.768,0.088,0.854,0.899,0.919,0.0892,Unknown,0.087,clear-water,1.00,"Trapezoidal, symmetrical",3.00,Original article,Grain-size considered as uniform
Dey and Raikar,2005,[9],10.25,1.16,2.65,0.60,0.24,0.40,0.825,0.088,0.893,0.924,0.944,0.1063,Unknown,0.106,clear-water,1.00,"Trapezoidal, symmetrical",3.00,Original article,Grain-size considered as uniform
Dey and Raikar,2005,[9],10.25,1.16,2.65,0.60,0.24,0.40,0.820,0.088,0.921,0.890,0.910,0.1210,Unknown,0.138,clear-water,1.00,"Trapezoidal, symmetrical",3.00,Original article,Grain-size considered as uniform
Dey and Raikar,2005,[9],14.25,1.09,2.65,0.60,0.42,0.70,0.832,0.104,0.921,0.904,0.923,0.0890,Unknown,0.050,clear-water,1.00,"Trapezoidal, symmetrical",3.00,Original article,Grain-size considered as uniform
Dey and Raikar,2005,[9],14.25,1.09,2.65,0.60,0.42,0.70,0.886,0.104,0.963,0.920,0.941,0.1045,Unknown,0.052,clear-water,1.00,"Trapezoidal, symmetrical",3.00,Original article,Grain-size considered as uniform
Dey and Raikar,2005,[9],14.25,1.09,2.65,0.60,0.42,0.70,0.929,0.104,1.003,0.926,0.947,0.1220,Unknown,0.051,clear-water,1.00,"Trapezoidal, symmetrical",3.00,Original article,Grain-size considered as uniform
Dey and Raikar,2005,[9],14.25,1.09,2.65,0.60,0.36,0.60,0.863,0.104,0.927,0.931,0.952,0.0910,Unknown,0.061,clear-water,1.00,"Trapezoidal, symmetrical",3.00,Original article,Grain-size considered as uniform
Dey and Raikar,2005,[9],14.25,1.09,2.65,0.60,0.36,0.60,0.891,0.104,0.961,0.927,0.947,0.1040,Unknown,0.073,clear-water,1.00,"Trapezoidal, symmetrical",3.00,Original article,Grain-size considered as uniform
Dey and Raikar,2005,[9],14.25,1.09,2.65,0.60,0.36,0.60,0.908,0.104,1.008,0.900,0.920,0.1247,Unknown,0.074,clear-water,1.00,"Trapezoidal, symmetrical",3.00,Original article,Grain-size considered as uniform
Dey and Raikar,2005,[9],14.25,1.09,2.65,0.60,0.30,0.50,0.842,0.104,0.918,0.917,0.937,0.0880,Unknown,0.081,clear-water,1.00,"Trapezoidal, symmetrical",3.00,Original article,Grain-size considered as uniform
Dey and Raikar,2005,[9],14.25,1.09,2.65,0.60,0.30,0.50,0.864,0.104,0.969,0.891,0.911,0.1072,Unknown,0.091,clear-water,1.00,"Trapezoidal, symmetrical",3.00,Original article,Grain-size considered as uniform
Dey and Raikar,2005,[9],14.25,1.09,2.65,0.60,0.30,0.50,0.929,0.104,1.003,0.926,0.947,0.1220,Unknown,0.108,clear-water,1.00,"Trapezoidal, symmetrical",3.00,Original article,Grain-size considered as uniform
Dey and Raikar,2005,[9],14.25,1.09,2.65,0.60,0.24,0.40,0.847,0.104,0.916,0.924,0.944,0.0875,Unknown,0.110,clear-water,1.00,"Trapezoidal, symmetrical",3.00,Original article,Grain-size considered as uniform
Dey and Raikar,2005,[9],14.25,1.09,2.65,0.60,0.24,0.40,0.858,0.104,0.971,0.884,0.903,0.1080,Unknown,0.118,clear-water,1.00,"Trapezoidal, symmetrical",3.00,Original article,Grain-size considered as uniform
Dey and Raikar,2005,[9],14.25,1.09,2.65,0.60,0.24,0.40,0.891,0.104,1.001,0.890,0.910,0.1210,Unknown,0.144,clear-water,1.00,"Trapezoidal, symmetrical",3.00,Original article,Grain-size considered as uniform
Dey and Raikar,2005,[9],0.81,1.80,2.65,0.60,0.36,0.60,0.332,0.025,0.420,0.791,0.972,0.1280,Unknown,0.046,clear-water,1.00,"Trapezoidal, symmetrical",3.00,Original article,Grain-size considered as nonuniform ?g>1.4
Dey and Raikar,2005,[9],0.81,2.45,2.65,0.60,0.36,0.60,0.332,0.025,0.420,0.791,0.972,0.1280,Unknown,0.021,clear-water,1.00,"Trapezoidal, symmetrical",3.00,Original article,Grain-size considered as nonuniform ?g>1.4
Dey and Raikar,2005,[9],0.81,3.13,2.65,0.60,0.36,0.60,0.332,0.025,0.420,0.791,0.972,0.1280,Unknown,0.015,clear-water,1.00,"Trapezoidal, symmetrical",3.00,Original article,Grain-size considered as nonuniform ?g>1.4
Dey and Raikar,2005,[9],1.86,1.85,2.65,0.60,0.36,0.60,0.492,0.038,0.560,0.879,0.953,0.1300,Unknown,0.051,clear-water,1.00,"Trapezoidal, symmetrical",3.00,Original article,Grain-size considered as nonuniform ?g>1.4
Dey and Raikar,2005,[9],1.86,2.60,2.65,0.60,0.36,0.60,0.492,0.038,0.560,0.879,0.953,0.1300,Unknown,0.021,clear-water,1.00,"Trapezoidal, symmetrical",3.00,Original article,Grain-size considered as nonuniform ?g>1.4
Dey and Raikar,2005,[9],1.86,3.16,2.65,0.60,0.36,0.60,0.492,0.038,0.560,0.879,0.953,0.1300,Unknown,0.017,clear-water,1.00,"Trapezoidal, symmetrical",3.00,Original article,Grain-size considered as nonuniform ?g>1.4
Dey and Raikar,2005,[9],2.54,1.96,2.65,0.60,0.36,0.60,0.567,0.044,0.616,0.920,0.956,0.1260,Unknown,0.041,clear-water,1.00,"Trapezoidal, symmetrical",3.00,Original article,Grain-size considered as nonuniform ?g>1.4
Dey and Raikar,2005,[9],2.54,2.95,2.65,0.60,0.36,0.60,0.567,0.044,0.616,0.920,0.956,0.1260,Unknown,0.018,clear-water,1.00,"Trapezoidal, symmetrical",3.00,Original article,Grain-size considered as nonuniform ?g>1.4
Dey and Raikar,2005,[9],2.54,3.60,2.65,0.60,0.36,0.60,0.567,0.044,0.616,0.920,0.956,0.1260,Unknown,0.016,clear-water,1.00,"Trapezoidal, symmetrical",3.00,Original article,Grain-size considered as nonuniform ?g>1.4
Dey and Raikar,2005,[9],4.10,1.51,2.65,0.60,0.36,0.60,0.658,0.056,0.727,0.905,0.925,0.1366,Unknown,0.059,clear-water,1.00,"Trapezoidal, symmetrical",3.00,Original article,Grain-size considered as nonuniform ?g>1.4
Dey and Raikar,2005,[9],4.10,1.95,2.65,0.60,0.36,0.60,0.658,0.056,0.727,0.905,0.925,0.1366,Unknown,0.029,clear-water,1.00,"Trapezoidal, symmetrical",3.00,Original article,Grain-size considered as nonuniform ?g>1.4
Dey and Raikar,2005,[9],4.10,2.67,2.65,0.60,0.36,0.60,0.658,0.056,0.727,0.905,0.925,0.1366,Unknown,0.017,clear-water,1.00,"Trapezoidal, symmetrical",3.00,Original article,Grain-size considered as nonuniform ?g>1.4
Dey and Raikar,2005,[9],5.53,1.43,2.65,0.60,0.36,0.60,0.713,0.065,0.784,0.909,0.929,0.1269,Unknown,0.061,clear-water,1.00,"Trapezoidal, symmetrical",3.00,Original article,Grain-size considered as nonuniform ?g>1.4
Dey and Raikar,2005,[9],5.53,2.03,2.65,0.60,0.36,0.60,0.713,0.065,0.784,0.909,0.929,0.1269,Unknown,0.025,clear-water,1.00,"Trapezoidal, symmetrical",3.00,Original article,Grain-size considered as nonuniform ?g>1.4
Dey and Raikar,2005,[9],5.53,2.32,2.65,0.60,0.36,0.60,0.713,0.065,0.784,0.909,0.929,0.1269,Unknown,0.020,clear-water,1.00,"Trapezoidal, symmetrical",3.00,Original article,Grain-size considered as nonuniform ?g>1.4
Dey and Raikar,2005,[9],7.15,1.51,2.65,0.60,0.36,0.60,0.760,0.074,0.837,0.908,0.936,0.1219,Unknown,0.059,clear-water,1.00,"Trapezoidal, symmetrical",3.00,Original article,Grain-size considered as nonuniform ?g>1.4
Dey and Raikar,2005,[9],7.15,2.07,2.65,0.60,0.36,0.60,0.760,0.074,0.837,0.908,0.936,0.1219,Unknown,0.026,clear-water,1.00,"Trapezoidal, symmetrical",3.00,Original article,Grain-size considered as nonuniform ?g>1.4
Dey and Raikar,2005,[9],7.15,2.93,2.65,0.60,0.36,0.60,0.760,0.074,0.837,0.908,0.936,0.1219,Unknown,0.016,clear-water,1.00,"Trapezoidal, symmetrical",3.00,Original article,Grain-size considered as nonuniform ?g>1.4
Dey and Raikar,2005,[9],10.25,1.50,2.65,0.60,0.36,0.60,0.816,0.088,0.922,0.885,0.904,0.1215,Unknown,0.062,clear-water,1.00,"Trapezoidal, symmetrical",3.00,Original article,Grain-size considered as nonuniform ?g>1.4
Dey and Raikar,2005,[9],10.25,1.94,2.65,0.60,0.36,0.60,0.816,0.088,0.922,0.885,0.904,0.1215,Unknown,0.031,clear-water,1.00,"Trapezoidal, symmetrical",3.00,Original article,Grain-size considered as nonuniform ?g>1.4
Dey and Raikar,2005,[9],10.25,2.51,2.65,0.60,0.36,0.60,0.816,0.088,0.922,0.885,0.904,0.1215,Unknown,0.019,clear-water,1.00,"Trapezoidal, symmetrical",3.00,Original article,Grain-size considered as nonuniform ?g>1.4
Dey and Raikar,2005,[9],14.25,1.46,2.65,0.60,0.36,0.60,0.908,0.104,1.008,0.900,0.920,0.1247,Unknown,0.069,clear-water,1.00,"Trapezoidal, symmetrical",3.00,Original article,Grain-size considered as nonuniform ?g>1.4
Dey and Raikar,2005,[9],14.25,1.63,2.65,0.60,0.36,0.60,0.908,0.104,1.008,0.900,0.920,0.1247,Unknown,0.057,clear-water,1.00,"Trapezoidal, symmetrical",3.00,Original article,Grain-size considered as nonuniform ?g>1.4
Dey and Raikar,2005,[9],14.25,1.83,2.65,0.60,0.36,0.60,0.908,0.104,1.008,0.900,0.920,0.1247,Unknown,0.052,clear-water,1.00,"Trapezoidal, symmetrical",3.00,Original article,Grain-size considered as nonuniform ?g>1.4
Oliveto and Marino,2019,[11],1.70,1.22,,1.00,0.90,0.90,,#NUM!,#NUM!,#NUM!,,,,,clear-water,,,,,Same experiment mention in Oliveto (2020)
Oliveto and Marino,2019,[11],1.70,1.22,,1.00,0.90,0.90,,#NUM!,#NUM!,#NUM!,,,,,clear-water,,,,,Same experiment mention in Oliveto (2020)
Oliveto and Marino,2019,[11],1.70,1.22,,1.00,0.90,0.90,,#NUM!,#NUM!,#NUM!,,,,,clear-water,,,,,Same experiment mention in Oliveto (2020)
Oliveto and Marino,2019,[11],1.70,1.22,,1.00,0.80,0.80,,#NUM!,#NUM!,#NUM!,,,,,clear-water,,,,,Same experiment mention in Oliveto (2020)
Oliveto and Marino,2019,[11],1.70,1.22,,1.00,0.80,0.80,,#NUM!,#NUM!,#NUM!,,,,,clear-water,,,,,Same experiment mention in Oliveto (2020)
Oliveto and Marino,2019,[11],1.70,1.22,,1.00,0.80,0.80,,#NUM!,#NUM!,#NUM!,,,,,clear-water,,,,,Same experiment mention in Oliveto (2020)
Oliveto and Marino,2019,[11],1.70,1.22,,1.00,0.70,0.70,,#NUM!,#NUM!,#NUM!,,,,,clear-water,,,,,Same experiment mention in Oliveto (2020)
Oliveto and Marino,2019,[11],1.70,1.22,,1.00,0.70,0.70,,#NUM!,#NUM!,#NUM!,,,,,clear-water,,,,,Same experiment mention in Oliveto (2020)
Oliveto and Marino,2019,[11],1.70,1.22,,1.00,0.70,0.70,,#NUM!,#NUM!,#NUM!,,,,,clear-water,,,,,Same experiment mention in Oliveto (2020)
Oliveto and Marino,2019,[11],1.70,1.22,,1.00,0.70,0.70,,#NUM!,#NUM!,#NUM!,,,,,clear-water,,,,,Same experiment mention in Oliveto (2020)
Oliveto and Marino,2019,[11],9.00,1.22,,1.00,0.70,0.70,,#NUM!,#NUM!,#NUM!,,,,,clear-water,,,,,Same experiment mention in Oliveto (2020)
Oliveto and Marino,2019,[11],9.00,1.22,,1.00,0.70,0.70,,#NUM!,#NUM!,#NUM!,,,,,clear-water,,,,,Same experiment mention in Oliveto (2020)
Oliveto and Marino,2019,[11],1.70,1.22,,1.00,0.70,0.70,,#NUM!,#NUM!,#NUM!,,,,,clear-water,,,,,Same experiment mention in Oliveto (2020)
Oliveto and Marino,2019,[11],1.70,1.22,,1.00,0.70,0.70,,#NUM!,#NUM!,#NUM!,,,,,clear-water,,,,,Same experiment mention in Oliveto (2020)
Oliveto and Marino,2019,[11],1.70,1.22,,1.00,0.70,0.70,,#NUM!,#NUM!,#NUM!,,,,,clear-water,,,,,Same experiment mention in Oliveto (2020)
Oliveto and Marino,2019,[11],1.70,1.22,,1.00,0.70,0.70,,#NUM!,#NUM!,#NUM!,,,,,clear-water,,,,,Same experiment mention in Oliveto (2020)
Oliveto and Marino,2019,[11],1.70,1.22,,1.00,0.70,0.70,,#NUM!,#NUM!,#NUM!,,,,,clear-water,,,,,Same experiment mention in Oliveto (2020)
Oliveto and Marino,2019,[11],1.70,1.22,,1.00,0.70,0.70,,#NUM!,#NUM!,#NUM!,,,,,clear-water,,,,,Same experiment mention in Oliveto (2020)
Oliveto and Marino,2019,[11],1.70,1.22,,1.00,0.70,0.70,,#NUM!,#NUM!,#NUM!,,,,,clear-water,,,,,Same experiment mention in Oliveto (2020)
Oliveto and Marino,2019,[11],1.70,1.22,,1.00,0.70,0.70,,#NUM!,#NUM!,#NUM!,,,,,clear-water,,,,,Same experiment mention in Oliveto (2020)
Oliveto and Marino,2019,[11],1.70,1.22,,1.00,0.70,0.70,,#NUM!,#NUM!,#NUM!,,,,,clear-water,,,,,Same experiment mention in Oliveto (2020)
Oliveto and Marino,2019,[11],1.70,1.22,,1.00,0.70,0.70,,#NUM!,#NUM!,#NUM!,,,,,clear-water,,,,,Same experiment mention in Oliveto (2020)
Oliveto and Marino,2019,[11],1.70,1.22,,1.00,0.70,0.70,,#NUM!,#NUM!,#NUM!,,,,,clear-water,,,,,Same experiment mention in Oliveto (2020)
Oliveto and Marino,2019,[11],1.70,1.22,,1.00,0.70,0.70,,#NUM!,#NUM!,#NUM!,,,,,clear-water,,,,,Same experiment mention in Oliveto (2020)
Oliveto and Marino,2019,[11],1.70,1.22,,1.00,0.70,0.70,,#NUM!,#NUM!,#NUM!,,,,,clear-water,,,,,Same experiment mention in Oliveto (2020)
Oliveto and Marino,2019,[11],1.70,1.22,,1.00,0.70,0.70,,#NUM!,#NUM!,#NUM!,,,,,clear-water,,,,,Same experiment mention in Oliveto (2020)
Oliveto and Marino,2019,[11],1.70,1.22,,1.00,0.70,0.70,,#NUM!,#NUM!,#NUM!,,,,,clear-water,,,,,Same experiment mention in Oliveto (2020)
Oliveto and Marino,2019,[11],1.70,1.22,,1.00,0.70,0.70,,#NUM!,#NUM!,#NUM!,,,,,clear-water,,,,,Same experiment mention in Oliveto (2020)
Oliveto and Marino,2019,[11],1.70,1.22,,1.00,0.80,0.80,,#NUM!,#NUM!,#NUM!,,,,,clear-water,,,,,Same experiment mention in Oliveto (2020)
Oliveto and Marino,2019,[11],1.70,1.22,,1.00,0.80,0.80,,#NUM!,#NUM!,#NUM!,,,,,clear-water,,,,,Same experiment mention in Oliveto (2020)
Oliveto and Marino,2019,[11],1.70,1.22,,1.00,0.80,0.80,,#NUM!,#NUM!,#NUM!,,,,,clear-water,,,,,Same experiment mention in Oliveto (2020)
Singh et al.,2020,[12],0.27,1.25,2.65,1.00,0.20,0.20,0.165,0.014,0.273,0.605,None,0.1000,,0.061,clear-water,0.00,"Trapezoidal, symmetrical",0.20,Original article,Very short and abrupt contraction
Singh et al.,2020,[12],0.27,1.25,2.65,1.00,0.20,0.20,0.192,0.014,0.273,0.704,None,0.1000,,0.080,clear-water,0.00,"Trapezoidal, symmetrical",0.20,Original article,Very short and abrupt contraction
Singh et al.,2020,[12],0.27,1.25,2.65,1.00,0.20,0.20,0.215,0.014,0.273,0.788,None,0.1000,,0.100,clear-water,0.00,"Trapezoidal, symmetrical",0.20,Original article,Very short and abrupt contraction
Singh et al.,2020,[12],0.27,1.25,2.65,1.00,0.40,0.40,0.165,0.014,0.273,0.605,None,0.1000,,0.108,clear-water,0.00,"Trapezoidal, symmetrical",0.20,Original article,Very short and abrupt contraction
Singh et al.,2020,[12],0.27,1.25,2.65,1.00,0.40,0.40,0.192,0.014,0.273,0.704,None,0.1000,,0.126,clear-water,0.00,"Trapezoidal, symmetrical",0.20,Original article,Very short and abrupt contraction
Singh et al.,2020,[12],0.27,1.25,2.65,1.00,0.40,0.40,0.215,0.014,0.273,0.788,None,0.1000,,0.141,clear-water,0.00,"Trapezoidal, symmetrical",0.20,Original article,Very short and abrupt contraction
Singh et al.,2020,[12],0.27,1.25,2.65,1.00,0.60,0.60,0.165,0.014,0.273,0.605,None,0.1000,,0.158,clear-water,0.00,"Trapezoidal, symmetrical",0.20,Original article,Very short and abrupt contraction
Singh et al.,2020,[12],0.27,1.25,2.65,1.00,0.60,0.60,0.192,0.014,0.273,0.704,None,0.1000,,0.170,clear-water,0.00,"Trapezoidal, symmetrical",0.20,Original article,Very short and abrupt contraction
Singh et al.,2020,[12],0.27,1.25,2.65,1.00,0.60,0.60,0.215,0.014,0.273,0.788,None,0.1000,,0.198,clear-water,0.00,"Trapezoidal, symmetrical",0.20,Original article,Very short and abrupt contraction
Nowroozpour and Ettema,2021,[13],0.26,1.55,2.68,2.44,0.61,0.25,0.200,0.014,0.303,0.661,0.750,0.2400,0.5364,0.299,clear-water,0.92,"Trapezoidal, symmetrical",24.08,Original article and Lagasse and al. (2021),
Nowroozpour and Ettema,2021,[13],0.26,1.55,2.68,2.44,0.61,0.25,0.150,0.014,0.300,0.500,0.550,0.2250,0.4206,0.195,clear-water,0.92,"Trapezoidal, symmetrical",24.08,Original article and Lagasse and al. (2021),
Nowroozpour and Ettema,2021,[13],0.26,1.55,2.68,2.44,0.61,0.25,0.170,0.014,0.301,0.565,0.650,0.2300,0.4877,0.259,clear-water,0.92,"Trapezoidal, symmetrical",24.08,Original article and Lagasse and al. (2021),
Nowroozpour and Ettema,2021,[13],0.26,1.55,2.68,2.44,1.22,0.50,0.150,0.014,0.295,0.509,0.550,0.1930,0.2530,0.058,clear-water,0.61,"Trapezoidal, symmetrical",24.08,Original article and Lagasse and al. (2021),
Nowroozpour and Ettema,2021,[13],0.26,1.55,2.68,2.44,1.22,0.50,0.170,0.014,0.298,0.571,0.650,0.2100,0.2743,0.061,clear-water,0.61,"Trapezoidal, symmetrical",24.08,Original article and Lagasse and al. (2021),
Nowroozpour and Ettema,2021,[13],0.26,1.55,2.68,2.44,1.22,0.50,0.200,0.014,0.298,0.671,0.750,0.2110,0.2835,0.070,clear-water,0.61,"Trapezoidal, symmetrical",24.08,Original article and Lagasse and al. (2021),
Nowroozpour and Ettema,2021,[13],0.26,1.55,2.68,2.44,1.83,0.75,0.200,0.014,0.296,0.676,0.750,0.1980,0.2256,0.027,clear-water,0.30,"Trapezoidal, symmetrical",24.08,Original article and Lagasse and al. (2021),
Nowroozpour and Ettema,2021,[13],0.26,1.55,2.68,2.44,1.83,0.75,0.230,0.014,0.297,0.775,0.850,0.2040,0.2560,0.046,clear-water,0.30,"Trapezoidal, symmetrical",24.08,Original article and Lagasse and al. (2021),
Nowroozpour and Ettema,2021,[13],0.26,1.55,2.68,2.44,1.83,0.75,0.260,0.014,0.297,0.875,0.950,0.2070,0.2560,0.046,clear-water,0.30,"Trapezoidal, symmetrical",24.08,Original article and Lagasse and al. (2021),
Nowroozpour and Ettema,2021,[13],0.26,1.55,2.68,2.44,0.61,0.25,0.230,0.014,0.336,0.685,0.900,0.6130,#N/A,#N/A,clear-water,0.92,"Trapezoidal, symmetrical",24.08,Original article and Lagasse and al. (2021),
Nowroozpour and Ettema,2021,[13],0.26,1.55,2.68,2.44,0.61,0.25,0.260,0.014,0.336,0.773,0.990,0.6220,#N/A,#N/A,clear-water,0.92,"Trapezoidal, symmetrical",24.08,Original article and Lagasse and al. (2021),
Nowroozpour and Ettema,2021,[13],0.26,1.55,2.68,2.44,1.22,0.50,0.320,0.014,0.299,1.071,1.200,0.2160,0.3322,0.119,live-bed,0.61,"Trapezoidal, symmetrical",24.08,Original article and Lagasse and al. (2021),
Nowroozpour and Ettema,2021,[13],0.26,1.55,2.68,2.44,1.22,0.50,0.370,0.014,0.300,1.232,1.400,0.2250,0.3871,0.162,live-bed,0.61,"Trapezoidal, symmetrical",24.08,Original article and Lagasse and al. (2021),
Nowroozpour and Ettema,2021,[13],0.26,1.55,2.68,2.44,1.22,0.50,0.440,0.014,0.303,1.450,1.650,0.2460,0.4450,0.198,live-bed,0.61,"Trapezoidal, symmetrical",24.08,Original article and Lagasse and al. (2021),
Nowroozpour and Ettema,2021,[13],0.26,1.55,2.68,2.44,1.22,0.50,0.530,0.014,0.305,1.736,2.000,0.2590,0.4785,0.219,live-bed,0.61,"Trapezoidal, symmetrical",24.08,Original article and Lagasse and al. (2021),
Nowroozpour and Ettema,2021,[13],0.26,1.55,2.68,2.44,1.83,0.75,0.320,0.014,0.297,1.078,1.200,0.2040,0.2774,0.061,live-bed,0.30,"Trapezoidal, symmetrical",24.08,Original article and Lagasse and al. (2021),
Nowroozpour and Ettema,2021,[13],0.26,1.55,2.68,2.44,1.83,0.75,0.370,0.014,0.297,1.245,1.400,0.2070,0.2774,0.052,live-bed,0.30,"Trapezoidal, symmetrical",24.08,Original article and Lagasse and al. (2021),
Nowroozpour and Ettema,2021,[13],0.26,1.55,2.68,2.44,1.83,0.75,0.440,0.014,0.299,1.470,1.650,0.2190,0.3018,0.055,live-bed,0.30,"Trapezoidal, symmetrical",24.08,Original article and Lagasse and al. (2021),
Nowroozpour and Ettema,2021,[13],0.26,1.55,2.68,2.44,1.83,0.75,0.530,0.014,0.300,1.765,2.000,0.2250,0.3078,0.082,live-bed,0.30,"Trapezoidal, symmetrical",24.08,Original article and Lagasse and al. (2021),
Nowroozpour and Ettema,2021,[13],0.26,1.55,2.68,2.44,1.83,0.75,0.660,0.014,0.303,2.179,2.500,0.2420,0.3261,0.088,live-bed,0.30,"Trapezoidal, symmetrical",24.08,Original article and Lagasse and al. (2021),
